id,school,gender,city,state,lat,lng,conference,soccerLevel,academicLevel,academicKnownFor,type,enrollment,nickname,notes,website
mens-adams-state-university,Adams State University,boys,,,,,Rocky Mountain Athletic Conference,,,,,,,,
mens-adelphi-university,Adelphi University,boys,,,,,Northeast-10 Conference,,,,,,,,
mens-american-international-college,American International College,boys,,,,,Northeast-10 Conference,,,,,,,,
mens-anderson-university-south-carolina,Anderson University (South Carolina),boys,,,,,South Atlantic Conference,,,,,,,,
mens-ashland-university,Ashland University,boys,,,,,Great Midwest Athletic Conference,,,,,,,,
mens-assumption-university,Assumption University,boys,,,,,Northeast-10 Conference,,,,,,,,
mens-auburn-university-at-montgomery,Auburn University at Montgomery,boys,,,,,Gulf South Conference,,,,,,,,
mens-azusa-pacific-university,Azusa Pacific University,boys,,,,,Pacific West Conference,,,,,,,,
mens-barry-university,Barry University,boys,,,,,Sunshine State Conference,,,,,,,,
mens-barton-college,Barton College,boys,,,,,Conference Carolinas,,,,,,,,
mens-belmont-abbey-college,Belmont Abbey College,boys,,,,,Conference Carolinas,,,,,,,,
mens-bentley-university,Bentley University,boys,,,,,Northeast-10 Conference,,,,,,,,
mens-biola-university,Biola University,boys,,,,,Pacific West Conference,,,,,,,,
mens-bloomsburg-university-of-pennsylvania,Bloomsburg University of Pennsylvania,boys,,,,,Pennsylvania State Athletic Conference,,,,,,,,
mens-caldwell-university,Caldwell University,boys,,,,,Central Atlantic Collegiate Conference,,,,,,,,
mens-california-state-polytechnic-university-humboldt,"California State Polytechnic University, Humboldt",boys,,,,,California Collegiate Athletic Association,,,,,,,,
mens-california-state-polytechnic-university-pomona,"California State Polytechnic University, Pomona",boys,,,,,California Collegiate Athletic Association,,,,,,,,
mens-california-state-university-chico,"California State University, Chico",boys,,,,,California Collegiate Athletic Association,,,,,,,,
mens-california-state-university-dominguez-hills,"California State University, Dominguez Hills",boys,,,,,California Collegiate Athletic Association,,,,,,,,
mens-california-state-university-east-bay,"California State University, East Bay",boys,,,,,California Collegiate Athletic Association,,,,,,,,
mens-california-state-university-los-angeles,"California State University, Los Angeles",boys,,,,,California Collegiate Athletic Association,,,,,,,,
mens-california-state-university-monterey-bay,"California State University, Monterey Bay",boys,,,,,California Collegiate Athletic Association,,,,,,,,
mens-california-state-university-san-bernardino,"California State University, San Bernardino",boys,,,,,California Collegiate Athletic Association,,,,,,,,
mens-california-state-university-san-marcos,"California State University, San Marcos",boys,,,,,California Collegiate Athletic Association,,,,,,,,
mens-california-state-university-stanislaus,"California State University, Stanislaus",boys,,,,,California Collegiate Athletic Association,,,,,,,,
mens-carson-newman-university,Carson-Newman University,boys,,,,,South Atlantic Conference,,,,,,,,
mens-catawba-college,Catawba College,boys,,,,,South Atlantic Conference,,,,,,,,
mens-cedarville-university,Cedarville University,boys,,,,,Great Midwest Athletic Conference,,,,,,,,
mens-chaminade-university,Chaminade University,boys,,,,,Pacific West Conference,,,,,,,,
mens-chestnut-hill-college,Chestnut Hill College,boys,,,,,Central Atlantic Collegiate Conference,,,,,,,,
mens-chowan-university,Chowan University,boys,,,,,Conference Carolinas,,,,,,,,
mens-christian-brothers-university,Christian Brothers University,boys,,,,,Gulf South Conference,,,,,,,,
mens-clayton-state-university,Clayton State University,boys,,,,,Peach Belt Conference,,,,,,,,
mens-coker-university,Coker University,boys,,,,,South Atlantic Conference,,,,,,,,
mens-college-of-staten-island,College of Staten Island,boys,,,,,East Coast Conference,,,,,,,,
mens-colorado-christian-university,Colorado Christian University,boys,,,,,Rocky Mountain Athletic Conference,,,,,,,,
mens-colorado-mesa-university,Colorado Mesa University,boys,,,,,Rocky Mountain Athletic Conference,,,,,,,,
mens-colorado-school-of-mines,Colorado School of Mines,boys,,,,,Rocky Mountain Athletic Conference,,,,,,,,
mens-colorado-state-university-pueblo,Colorado State University Pueblo,boys,,,,,Rocky Mountain Athletic Conference,,,,,,,,
mens-concord-university,Concord University,boys,,,,,Mountain East Conference,,,,,,,,
mens-concordia-university-irvine,Concordia University Irvine,boys,,,,,Pacific West Conference,,,,,,,,
mens-converse-university,Converse University,boys,,,,,Conference Carolinas,,,,,,,,
mens-d-youville-university,D'Youville University,boys,,,,,East Coast Conference,,,,,,,,
mens-daemen-university,Daemen University,boys,,,,,East Coast Conference,,,,,,,,
mens-dallas-baptist-university,Dallas Baptist University,boys,,,,,Lone Star Conference,,,,,,,,
mens-davenport-university,Davenport University,boys,,,,,Great Lakes Intercollegiate Athletic Conference,,,,,,,,
mens-davis-and-elkins-college,Davis & Elkins College,boys,,,,,Mountain East Conference,,,,,,,,
mens-delta-state-university,Delta State University,boys,,,,,Gulf South Conference,,,,,,,,
mens-dominican-university-new-york,Dominican University New York,boys,,,,,Central Atlantic Collegiate Conference,,,,,,,,
mens-dominican-university-of-california,Dominican University of California,boys,,,,,Pacific West Conference,,,,,,,,
mens-drury-university,Drury University,boys,,,,,Great Lakes Valley Conference,,,,,,,,
mens-east-stroudsburg-university-of-pennsylvania,East Stroudsburg University of Pennsylvania,boys,,,,,Pennsylvania State Athletic Conference,,,,,,,,
mens-eckerd-college,Eckerd College,boys,,,,,Sunshine State Conference,,,,,,,,
mens-embry-riddle-aeronautical-university-florida,Embry-Riddle Aeronautical University (Florida),boys,,,,,Sunshine State Conference,,,,,,,,
mens-emmanuel-university-georgia,Emmanuel University (Georgia),boys,,,,,Conference Carolinas,,,,,,,,
mens-emory-and-henry-university,Emory & Henry University,boys,,,,,South Atlantic Conference,,,,,,,,
mens-erskine-college,Erskine College,boys,,,,,Conference Carolinas,,,,,,,,
mens-felician-university,Felician University,boys,,,,,Central Atlantic Collegiate Conference,,,,,,,,
mens-flagler-college,Flagler College,boys,,,,,Peach Belt Conference,,,,,,,,
mens-florida-institute-of-technology,Florida Institute of Technology,boys,,,,,Sunshine State Conference,,,,,,,,
mens-florida-southern-college,Florida Southern College,boys,,,,,Sunshine State Conference,,,,,,,,
mens-fort-hays-state-university,Fort Hays State University,boys,,,,,Mid-America Intercollegiate Athletics Association,,,,,,,,
mens-fort-lewis-college,Fort Lewis College,boys,,,,,Rocky Mountain Athletic Conference,,,,,,,,
mens-francis-marion-university,Francis Marion University,boys,,,,,Conference Carolinas,,,,,,,,
mens-franklin-pierce-university,Franklin Pierce University,boys,,,,,Northeast-10 Conference,,,,,,,,
mens-fresno-pacific-university,Fresno Pacific University,boys,,,,,Pacific West Conference,,,,,,,,
mens-frostburg-state-university,Frostburg State University,boys,,,,,Mountain East Conference,,,,,,,,
mens-gannon-university,Gannon University,boys,,,,,Pennsylvania State Athletic Conference,,,,,,,,
mens-georgia-southwestern-state-university,Georgia Southwestern State University,boys,,,,,Peach Belt Conference,,,,,,,,
mens-georgian-court-university,Georgian Court University,boys,,,,,Central Atlantic Collegiate Conference,,,,,,,,
mens-goldey-beacom-college,Goldey-Beacom College,boys,,,,,Central Atlantic Collegiate Conference,,,,,,,,
mens-harding-university,Harding University,boys,,,,,Great American Conference,,,,,,,,
mens-hawaii-pacific-university,Hawaii Pacific University,boys,,,,,Pacific West Conference,,,,,,,,
mens-holy-family-university,Holy Family University,boys,,,,,Central Atlantic Collegiate Conference,,,,,,,,
mens-jessup-university,Jessup University ,boys,,,,,Pacific West Conference,,,,,,,,
mens-kentucky-wesleyan-college,Kentucky Wesleyan College,boys,,,,,Great Midwest Athletic Conference,,,,,,,,
mens-king-university,King University,boys,,,,,Conference Carolinas,,,,,,,,
mens-lake-erie-college,Lake Erie College,boys,,,,,Great Midwest Athletic Conference,,,,,,,,
mens-lander-university,Lander University,boys,,,,,Peach Belt Conference,,,,,,,,
mens-le-moyne-college,Le Moyne College,boys,,,,,Northeast Conference,,,,,,,,
mens-lee-university,Lee University,boys,,,,,Gulf South Conference,,,,,,,,
mens-lees-mcrae-college,Lees-McRae College,boys,,,,,Conference Carolinas,,,,,,,,
mens-lenoir-rhyne-university,Lenoir-Rhyne University,boys,,,,,South Atlantic Conference,,,,,,,,
mens-lewis-university,Lewis University,boys,,,,,Great Lakes Valley Conference,,,,,,,,
mens-lincoln-memorial-university,Lincoln Memorial University,boys,,,,,South Atlantic Conference,,,,,,,,
mens-lincoln-university-missouri,Lincoln University (Missouri),boys,,,,,Great Lakes Valley Conference,,,,,,,,
mens-lock-haven-university-of-pennsylvania,Lock Haven University of Pennsylvania,boys,,,,,Pennsylvania State Athletic Conference,,,,,,,,
mens-lubbock-christian-university,Lubbock Christian University,boys,,,,,Lone Star Conference,,,,,,,,
mens-lynn-university,Lynn University,boys,,,,,Sunshine State Conference,,,,,,,,
mens-malone-university,Malone University,boys,,,,,Great Midwest Athletic Conference,,,,,,,,
mens-mars-hill-university,Mars Hill University,boys,,,,,South Atlantic Conference,,,,,,,,
mens-maryville-university-of-saint-louis,Maryville University of Saint Louis,boys,,,,,Great Lakes Valley Conference,,,,,,,,
mens-mckendree-university,McKendree University,boys,,,,,Great Lakes Valley Conference,,,,,,,,
mens-menlo-college,Menlo College,boys,,,,,Pacific West Conference,,,,,,,,
mens-mercy-university,Mercy University,boys,,,,,East Coast Conference,,,,,,,,
mens-mercyhurst-university,Mercyhurst University,boys,,,,,Northeast Conference,,,,,,,,
mens-metropolitan-state-university-of-denver,Metropolitan State University of Denver,boys,,,,,Rocky Mountain Athletic Conference,,,,,,,,
mens-middle-georgia-state-university,Middle Georgia State University ,boys,,,,,Peach Belt Conference,,,,,,,,
mens-midwestern-state-university,Midwestern State University,boys,,,,,Lone Star Conference,,,,,,,,
mens-millersville-university-of-pennsylvania,Millersville University of Pennsylvania,boys,,,,,Pennsylvania State Athletic Conference,,,,,,,,
mens-mississippi-college,Mississippi College,boys,,,,,Gulf South Conference,,,,,,,,
mens-missouri-university-of-science-and-technology,Missouri University of Science and Technology,boys,,,,,Great Lakes Valley Conference,,,,,,,,
mens-molloy-university,Molloy University,boys,,,,,East Coast Conference,,,,,,,,
mens-newberry-college,Newberry College,boys,,,,,South Atlantic Conference,,,,,,,,
mens-newman-university,Newman University,boys,,,,,Mid-America Intercollegiate Athletics Association,,,,,,,,
mens-north-greenville-university,North Greenville University,boys,,,,,Conference Carolinas,,,,,,,,
mens-northeastern-state-university,Northeastern State University,boys,,,,,Mid-America Intercollegiate Athletics Association,,,,,,,,
mens-northern-michigan-university,Northern Michigan University,boys,,,,,Great Lakes Intercollegiate Athletic Conference,,,,,,,,
mens-northwest-nazarene-university,Northwest Nazarene University,boys,,,,,Great Northwest Athletic Conference,,,,,,,,
mens-northwood-university,Northwood University,boys,,,,,Great Midwest Athletic Conference,,,,,,,,
mens-nova-southeastern-university,Nova Southeastern University,boys,,,,,Sunshine State Conference,,,,,,,,
mens-ohio-dominican-university,Ohio Dominican University,boys,,,,,Great Midwest Athletic Conference,,,,,,,,
mens-oklahoma-christian-university,Oklahoma Christian University,boys,,,,,Lone Star Conference,,,,,,,,
mens-ouachita-baptist-university,Ouachita Baptist University,boys,,,,,Great American Conference,,,,,,,,
mens-pace-university,Pace University,boys,,,,,Northeast-10 Conference,,,,,,,,
mens-palm-beach-atlantic-university,Palm Beach Atlantic University,boys,,,,,Sunshine State Conference,,,,,,,,
mens-pennsylvania-western-university-california,"Pennsylvania Western University, California",boys,,,,,Pennsylvania State Athletic Conference,,,,,,,,
mens-point-loma-nazarene-university,Point Loma Nazarene University,boys,,,,,Pacific West Conference,,,,,,,,
mens-point-park-university,Point Park University,boys,,,,,Mountain East Conference,,,,,,,,
mens-post-university,Post University,boys,,,,,Central Atlantic Collegiate Conference,,,,,,,,
mens-purdue-university-northwest,Purdue University Northwest,boys,,,,,Great Lakes Intercollegiate Athletic Conference,,,,,,,,
mens-queens-college-new-york,Queens College (New York),boys,,,,,East Coast Conference,,,,,,,,
mens-quincy-university,Quincy University,boys,,,,,Great Lakes Valley Conference,,,,,,,,
mens-regis-university-colorado,Regis University (Colorado),boys,,,,,Rocky Mountain Athletic Conference,,,,,,,,
mens-roberts-wesleyan-university,Roberts Wesleyan University,boys,,,,,East Coast Conference,,,,,,,,
mens-rockhurst-university,Rockhurst University,boys,,,,,Great Lakes Valley Conference,,,,,,,,
mens-rogers-state-university,Rogers State University,boys,,,,,Mid-America Intercollegiate Athletics Association,,,,,,,,
mens-rollins-college,Rollins College,boys,,,,,Sunshine State Conference,,,,,,,,
mens-roosevelt-university,Roosevelt University,boys,,,,,Great Lakes Intercollegiate Athletic Conference,,,,,,,,
mens-saginaw-valley-state-university,Saginaw Valley State University,boys,,,,,Great Lakes Intercollegiate Athletic Conference,,,,,,,,
mens-saint-anselm-college,Saint Anselm College,boys,,,,,Northeast-10 Conference,,,,,,,,
mens-saint-leo-university,Saint Leo University,boys,,,,,Sunshine State Conference,,,,,,,,
mens-saint-martin-s-university,Saint Martin's University,boys,,,,,Great Northwest Athletic Conference,,,,,,,,
mens-saint-michael-s-college,Saint Michael's College,boys,,,,,Northeast-10 Conference,,,,,,,,
mens-salem-university-west-virginia,Salem University (West Virginia),boys,,,,,Independent,,,,,,,,
mens-seattle-pacific-university,Seattle Pacific University,boys,,,,,Great Northwest Athletic Conference,,,,,,,,
mens-seton-hill-university,Seton Hill University,boys,,,,,Pennsylvania State Athletic Conference,,,,,,,,
mens-shaw-university,Shaw University,boys,,,,,Central Intercollegiate Athletic Association,,,,,,,,
mens-shepherd-university,Shepherd University,boys,,,,,Pennsylvania State Athletic Conference,,,,,,,,
mens-shippensburg-university-of-pennsylvania,Shippensburg University of Pennsylvania,boys,,,,,Pennsylvania State Athletic Conference,,,,,,,,
mens-shorter-university,Shorter University,boys,,,,,Conference Carolinas,,,,,,,,
mens-simon-fraser-university,Simon Fraser University,boys,,,,,Great Northwest Athletic Conference,,,,,,,,
mens-slippery-rock-university-of-pennsylvania,Slippery Rock University of Pennsylvania,boys,,,,,Pennsylvania State Athletic Conference,,,,,,,,
mens-south-dakota-school-of-mines-and-technology,South Dakota School of Mines & Technology,boys,,,,,Rocky Mountain Athletic Conference,,,,,,,,
mens-southern-connecticut-state-university,Southern Connecticut State University,boys,,,,,Northeast-10 Conference,,,,,,,,
mens-southern-nazarene-university,Southern Nazarene University,boys,,,,,Great American Conference,,,,,,,,
mens-southern-new-hampshire-university,Southern New Hampshire University,boys,,,,,Northeast-10 Conference,,,,,,,,
mens-southern-wesleyan-university,Southern Wesleyan University,boys,,,,,Conference Carolinas,,,,,,,,
mens-southwest-baptist-university,Southwest Baptist University,boys,,,,,Great Lakes Valley Conference,,,,,,,,
mens-spring-hill-college,Spring Hill College,boys,,,,,Southern Intercol. Ath. Conf.,,,,,,,,
mens-st-cloud-state-university,St. Cloud State University,boys,,,,,Northern Sun Intercollegiate Conference,,,,,,,,
mens-st-edward-s-university,St. Edward's University,boys,,,,,Lone Star Conference,,,,,,,,
mens-st-mary-s-university-texas,St. Mary's University (Texas),boys,,,,,Lone Star Conference,,,,,,,,
mens-st-thomas-aquinas-college,St. Thomas Aquinas College,boys,,,,,East Coast Conference,,,,,,,,
mens-texas-aandm-international-university,Texas A&M International University,boys,,,,,Lone Star Conference,,,,,,,,
mens-the-university-of-texas-at-tyler,The University of Texas at Tyler,boys,,,,,Lone Star Conference,,,,,,,,
mens-thomas-jefferson-university,Thomas Jefferson University,boys,,,,,Central Atlantic Collegiate Conference,,,,,,,,
mens-thomas-more-university,Thomas More University,boys,,,,,Great Midwest Athletic Conference,,,,,,,,
mens-tiffin-university,Tiffin University,boys,,,,,Great Midwest Athletic Conference,,,,,,,,
mens-trevecca-nazarene-university,Trevecca Nazarene University,boys,,,,,Gulf South Conference,,,,,,,,
mens-truman-state-university,Truman State University,boys,,,,,Great Lakes Valley Conference,,,,,,,,
mens-tusculum-university,Tusculum University,boys,,,,,South Atlantic Conference,,,,,,,,
mens-union-university,Union University,boys,,,,,Gulf South Conference,,,,,,,,
mens-university-of-alabama-in-huntsville,University of Alabama in Huntsville,boys,,,,,Gulf South Conference,,,,,,,,
mens-university-of-bridgeport,University of Bridgeport,boys,,,,,Central Atlantic Collegiate Conference,,,,,,,,
mens-university-of-california-merced,"University of California, Merced",boys,,,,,California Collegiate Athletic Association,,,,,,,,
mens-university-of-charleston-west-virginia,University of Charleston (West Virginia),boys,,,,,Mountain East Conference,,,,,,,,
mens-university-of-colorado-colorado-springs,University of Colorado Colorado Springs,boys,,,,,Rocky Mountain Athletic Conference,,,,,,,,
mens-university-of-findlay,University of Findlay,boys,,,,,Great Midwest Athletic Conference,,,,,,,,
mens-university-of-hawaii-at-hilo,University of Hawaii at Hilo,boys,,,,,Pacific West Conference,,,,,,,,
mens-university-of-illinois-springfield,University of Illinois Springfield,boys,,,,,Great Lakes Valley Conference,,,,,,,,
mens-university-of-indianapolis,University of Indianapolis,boys,,,,,Great Lakes Valley Conference,,,,,,,,
mens-university-of-jamestown,University of Jamestown,boys,,,,,Northern Sun Intercollegiate Conference,,,,,,,,
mens-university-of-missouri-st-louis,University of Missouri-St. Louis,boys,,,,,Great Lakes Valley Conference,,,,,,,,
mens-university-of-montevallo,University of Montevallo,boys,,,,,Gulf South Conference,,,,,,,,
mens-university-of-mount-olive,University of Mount Olive,boys,,,,,Conference Carolinas,,,,,,,,
mens-university-of-new-haven,University of New Haven,boys,,,,,Northeast Conference,,,,,,,,
mens-university-of-north-georgia,University of North Georgia,boys,,,,,Peach Belt Conference,,,,,,,,
mens-university-of-pittsburgh-johnstown,"University of Pittsburgh, Johnstown",boys,,,,,Pennsylvania State Athletic Conference,,,,,,,,
mens-university-of-puerto-rico-bayamon,"University of Puerto Rico, Bayamon",boys,,,,,Independent,,,,,,,,
mens-university-of-south-carolina-aiken,University of South Carolina Aiken,boys,,,,,Peach Belt Conference,,,,,,,,
mens-university-of-tampa,University of Tampa,boys,,,,,Sunshine State Conference,,,,,,,,
mens-university-of-west-alabama,University of West Alabama,boys,,,,,Gulf South Conference,,,,,,,,
mens-university-of-west-florida,University of West Florida,boys,,,,,Gulf South Conference,,,,,,,,
mens-university-of-wisconsin-parkside,University of Wisconsin-Parkside,boys,,,,,Great Lakes Intercollegiate Athletic Conference,,,,,,,,
mens-university-of-the-district-of-columbia,University of the District of Columbia,boys,,,,,East Coast Conference,,,,,,,,
mens-upper-iowa-university,Upper Iowa University,boys,,,,,Great Lakes Valley Conference,,,,,,,,
mens-vanguard-university,Vanguard University ,boys,,,,,Pacific West Conference,,,,,,,,
mens-virginia-state-university,Virginia State University,boys,,,,,Central Intercollegiate Athletic Association,,,,,,,,
mens-walsh-university,Walsh University,boys,,,,,Great Midwest Athletic Conference,,,,,,,,
mens-west-chester-university-of-pennsylvania,West Chester University of Pennsylvania,boys,,,,,Pennsylvania State Athletic Conference,,,,,,,,
mens-west-liberty-university,West Liberty University,boys,,,,,Mountain East Conference,,,,,,,,
mens-west-texas-aandm-university,West Texas A&M University,boys,,,,,Lone Star Conference,,,,,,,,
mens-west-virginia-wesleyan-college,West Virginia Wesleyan College,boys,,,,,Mountain East Conference,,,,,,,,
mens-western-oregon-university,Western Oregon University,boys,,,,,Great Northwest Athletic Conference,,,,,,,,
mens-western-washington-university,Western Washington University,boys,,,,,Great Northwest Athletic Conference,,,,,,,,
mens-westminster-university-utah,Westminster University (Utah),boys,,,,,Rocky Mountain Athletic Conference,,,,,,,,
mens-westmont-college,Westmont College,boys,,,,,Pacific West Conference,,,,,,,,
mens-wheeling-university,Wheeling University,boys,,,,,Mountain East Conference,,,,,,,,
mens-william-jewell-college,William Jewell College,boys,,,,,Great Lakes Valley Conference,,,,,,,,
mens-wilmington-university-delaware,Wilmington University (Delaware),boys,,,,,Central Atlantic Collegiate Conference,,,,,,,,
mens-wingate-university,Wingate University,boys,,,,,South Atlantic Conference,,,,,,,,
mens-young-harris-college,Young Harris College,boys,,,,,Conference Carolinas,,,,,,,,
womens-adams-state-university,Adams State University,girls,,,,,Rocky Mountain Athletic Conference,,,,,,,,
womens-adelphi-university,Adelphi University,girls,,,,,Northeast-10 Conference,,,,,,,,
womens-albany-state-university-georgia,Albany State University (Georgia),girls,,,,,Southern Intercol. Ath. Conf.,,,,,,,,
womens-allen-university,Allen University,girls,,,,,Southern Intercol. Ath. Conf.,,,,,,,,
womens-american-international-college,American International College,girls,,,,,Northeast-10 Conference,,,,,,,,
womens-anderson-university-south-carolina,Anderson University (South Carolina),girls,,,,,South Atlantic Conference,,,,,,,,
womens-angelo-state-university,Angelo State University,girls,,,,,Lone Star Conference,,,,,,,,
womens-ashland-university,Ashland University,girls,,,,,Great Midwest Athletic Conference,,,,,,,,
womens-assumption-university,Assumption University,girls,,,,,Northeast-10 Conference,,,,,,,,
womens-auburn-university-at-montgomery,Auburn University at Montgomery,girls,,,,,Gulf South Conference,,,,,,,,
womens-augustana-university-south-dakota,Augustana University (South Dakota),girls,,,,,Northern Sun Intercollegiate Conference,,,,,,,,
womens-azusa-pacific-university,Azusa Pacific University,girls,,,,,Pacific West Conference,,,,,,,,
womens-barry-university,Barry University,girls,,,,,Sunshine State Conference,,,,,,,,
womens-barton-college,Barton College,girls,,,,,Conference Carolinas,,,,,,,,
womens-belmont-abbey-college,Belmont Abbey College,girls,,,,,Conference Carolinas,,,,,,,,
womens-bemidji-state-university,Bemidji State University,girls,,,,,Northern Sun Intercollegiate Conference,,,,,,,,
womens-bentley-university,Bentley University,girls,,,,,Northeast-10 Conference,,,,,,,,
womens-biola-university,Biola University,girls,,,,,Pacific West Conference,,,,,,,,
womens-black-hills-state-university,Black Hills State University,girls,,,,,Rocky Mountain Athletic Conference,,,,,,,,
womens-bloomsburg-university-of-pennsylvania,Bloomsburg University of Pennsylvania,girls,,,,,Pennsylvania State Athletic Conference,,,,,,,,
womens-bluefield-state-university,Bluefield State University,girls,,,,,Central Intercollegiate Athletic Association,,,,,,,,
womens-caldwell-university,Caldwell University,girls,,,,,Central Atlantic Collegiate Conference,,,,,,,,
womens-california-state-polytechnic-university-humboldt,"California State Polytechnic University, Humboldt",girls,,,,,California Collegiate Athletic Association,,,,,,,,
womens-california-state-polytechnic-university-pomona,"California State Polytechnic University, Pomona",girls,,,,,California Collegiate Athletic Association,,,,,,,,
womens-california-state-university-chico,"California State University, Chico",girls,,,,,California Collegiate Athletic Association,,,,,,,,
womens-california-state-university-dominguez-hills,"California State University, Dominguez Hills",girls,,,,,California Collegiate Athletic Association,,,,,,,,
womens-california-state-university-east-bay,"California State University, East Bay",girls,,,,,California Collegiate Athletic Association,,,,,,,,
womens-california-state-university-los-angeles,"California State University, Los Angeles",girls,,,,,California Collegiate Athletic Association,,,,,,,,
womens-california-state-university-monterey-bay,"California State University, Monterey Bay",girls,,,,,California Collegiate Athletic Association,,,,,,,,
womens-california-state-university-san-bernardino,"California State University, San Bernardino",girls,,,,,California Collegiate Athletic Association,,,,,,,,
womens-california-state-university-san-marcos,"California State University, San Marcos",girls,,,,,California Collegiate Athletic Association,,,,,,,,
womens-california-state-university-stanislaus,"California State University, Stanislaus",girls,,,,,California Collegiate Athletic Association,,,,,,,,
womens-carson-newman-university,Carson-Newman University,girls,,,,,South Atlantic Conference,,,,,,,,
womens-catawba-college,Catawba College,girls,,,,,South Atlantic Conference,,,,,,,,
womens-cedarville-university,Cedarville University,girls,,,,,Great Midwest Athletic Conference,,,,,,,,
womens-central-washington-university,Central Washington University,girls,,,,,Great Northwest Athletic Conference,,,,,,,,
womens-chaminade-university,Chaminade University,girls,,,,,Pacific West Conference,,,,,,,,
womens-chestnut-hill-college,Chestnut Hill College,girls,,,,,Central Atlantic Collegiate Conference,,,,,,,,
womens-chowan-university,Chowan University,girls,,,,,Conference Carolinas,,,,,,,,
womens-christian-brothers-university,Christian Brothers University,girls,,,,,Gulf South Conference,,,,,,,,
womens-clayton-state-university,Clayton State University,girls,,,,,Peach Belt Conference,,,,,,,,
womens-coker-university,Coker University,girls,,,,,South Atlantic Conference,,,,,,,,
womens-college-of-staten-island,College of Staten Island,girls,,,,,East Coast Conference,,,,,,,,
womens-colorado-christian-university,Colorado Christian University,girls,,,,,Rocky Mountain Athletic Conference,,,,,,,,
womens-colorado-mesa-university,Colorado Mesa University,girls,,,,,Rocky Mountain Athletic Conference,,,,,,,,
womens-colorado-school-of-mines,Colorado School of Mines,girls,,,,,Rocky Mountain Athletic Conference,,,,,,,,
womens-colorado-state-university-pueblo,Colorado State University Pueblo,girls,,,,,Rocky Mountain Athletic Conference,,,,,,,,
womens-columbus-state-university,Columbus State University,girls,,,,,Peach Belt Conference,,,,,,,,
womens-concord-university,Concord University,girls,,,,,Mountain East Conference,,,,,,,,
womens-concordia-university-irvine,Concordia University Irvine,girls,,,,,Pacific West Conference,,,,,,,,
womens-concordia-university-st-paul,"Concordia University, St. Paul",girls,,,,,Northern Sun Intercollegiate Conference,,,,,,,,
womens-converse-university,Converse University,girls,,,,,Conference Carolinas,,,,,,,,
womens-d-youville-university,D'Youville University,girls,,,,,East Coast Conference,,,,,,,,
womens-daemen-university,Daemen University,girls,,,,,East Coast Conference,,,,,,,,
womens-dallas-baptist-university,Dallas Baptist University,girls,,,,,Lone Star Conference,,,,,,,,
womens-davenport-university,Davenport University,girls,,,,,Great Lakes Intercollegiate Athletic Conference,,,,,,,,
womens-davis-and-elkins-college,Davis & Elkins College,girls,,,,,Mountain East Conference,,,,,,,,
womens-delta-state-university,Delta State University,girls,,,,,Gulf South Conference,,,,,,,,
womens-dominican-university-new-york,Dominican University New York,girls,,,,,Central Atlantic Collegiate Conference,,,,,,,,
womens-dominican-university-of-california,Dominican University of California,girls,,,,,Pacific West Conference,,,,,,,,
womens-drury-university,Drury University,girls,,,,,Great Lakes Valley Conference,,,,,,,,
womens-east-central-university,East Central University,girls,,,,,Great American Conference,,,,,,,,
womens-east-stroudsburg-university-of-pennsylvania,East Stroudsburg University of Pennsylvania,girls,,,,,Pennsylvania State Athletic Conference,,,,,,,,
womens-eastern-new-mexico-university,Eastern New Mexico University,girls,,,,,Lone Star Conference,,,,,,,,
womens-eckerd-college,Eckerd College,girls,,,,,Sunshine State Conference,,,,,,,,
womens-edward-waters-university,Edward Waters University,girls,,,,,Southern Intercol. Ath. Conf.,,,,,,,,
womens-embry-riddle-aeronautical-university-florida,Embry-Riddle Aeronautical University (Florida),girls,,,,,Sunshine State Conference,,,,,,,,
womens-emmanuel-university-georgia,Emmanuel University (Georgia),girls,,,,,Conference Carolinas,,,,,,,,
womens-emory-and-henry-university,Emory & Henry University,girls,,,,,South Atlantic Conference,,,,,,,,
womens-emporia-state-university,Emporia State University,girls,,,,,Mid-America Intercollegiate Athletics Association,,,,,,,,
womens-erskine-college,Erskine College,girls,,,,,Conference Carolinas,,,,,,,,
womens-fairmont-state-university,Fairmont State University,girls,,,,,Mountain East Conference,,,,,,,,
womens-felician-university,Felician University,girls,,,,,Central Atlantic Collegiate Conference,,,,,,,,
womens-ferris-state-university,Ferris State University,girls,,,,,Great Lakes Intercollegiate Athletic Conference,,,,,,,,
womens-flagler-college,Flagler College,girls,,,,,Peach Belt Conference,,,,,,,,
womens-florida-institute-of-technology,Florida Institute of Technology,girls,,,,,Sunshine State Conference,,,,,,,,
womens-florida-southern-college,Florida Southern College,girls,,,,,Sunshine State Conference,,,,,,,,
womens-fort-hays-state-university,Fort Hays State University,girls,,,,,Mid-America Intercollegiate Athletics Association,,,,,,,,
womens-fort-lewis-college,Fort Lewis College,girls,,,,,Rocky Mountain Athletic Conference,,,,,,,,
womens-francis-marion-university,Francis Marion University,girls,,,,,Conference Carolinas,,,,,,,,
womens-franklin-pierce-university,Franklin Pierce University,girls,,,,,Northeast-10 Conference,,,,,,,,
womens-fresno-pacific-university,Fresno Pacific University,girls,,,,,Pacific West Conference,,,,,,,,
womens-frostburg-state-university,Frostburg State University,girls,,,,,Mountain East Conference,,,,,,,,
womens-gannon-university,Gannon University,girls,,,,,Pennsylvania State Athletic Conference,,,,,,,,
womens-georgia-college,Georgia College,girls,,,,,Peach Belt Conference,,,,,,,,
womens-georgia-southwestern-state-university,Georgia Southwestern State University,girls,,,,,Peach Belt Conference,,,,,,,,
womens-georgian-court-university,Georgian Court University,girls,,,,,Central Atlantic Collegiate Conference,,,,,,,,
womens-glenville-state-university,Glenville State University,girls,,,,,Mountain East Conference,,,,,,,,
womens-goldey-beacom-college,Goldey-Beacom College,girls,,,,,Central Atlantic Collegiate Conference,,,,,,,,
womens-grand-valley-state-university,Grand Valley State University,girls,,,,,Great Lakes Intercollegiate Athletic Conference,,,,,,,,
womens-harding-university,Harding University,girls,,,,,Great American Conference,,,,,,,,
womens-hawaii-pacific-university,Hawaii Pacific University,girls,,,,,Pacific West Conference,,,,,,,,
womens-holy-family-university,Holy Family University,girls,,,,,Central Atlantic Collegiate Conference,,,,,,,,
womens-indiana-university-of-pennsylvania,Indiana University of Pennsylvania,girls,,,,,Pennsylvania State Athletic Conference,,,,,,,,
womens-jessup-university,Jessup University ,girls,,,,,Pacific West Conference,,,,,,,,
womens-kentucky-wesleyan-college,Kentucky Wesleyan College,girls,,,,,Great Midwest Athletic Conference,,,,,,,,
womens-king-university,King University,girls,,,,,Conference Carolinas,,,,,,,,
womens-kutztown-university-of-pennsylvania,Kutztown University of Pennsylvania,girls,,,,,Pennsylvania State Athletic Conference,,,,,,,,
womens-lake-erie-college,Lake Erie College,girls,,,,,Great Midwest Athletic Conference,,,,,,,,
womens-lander-university,Lander University,girls,,,,,Peach Belt Conference,,,,,,,,
womens-le-moyne-college,Le Moyne College,girls,,,,,Northeast Conference,,,,,,,,
womens-lee-university,Lee University,girls,,,,,Gulf South Conference,,,,,,,,
womens-lees-mcrae-college,Lees-McRae College,girls,,,,,Conference Carolinas,,,,,,,,
womens-lenoir-rhyne-university,Lenoir-Rhyne University,girls,,,,,South Atlantic Conference,,,,,,,,
womens-lewis-university,Lewis University,girls,,,,,Great Lakes Valley Conference,,,,,,,,
womens-lincoln-memorial-university,Lincoln Memorial University,girls,,,,,South Atlantic Conference,,,,,,,,
womens-lincoln-university-missouri,Lincoln University (Missouri),girls,,,,,Great Lakes Valley Conference,,,,,,,,
womens-lincoln-university-pennsylvania,Lincoln University (Pennsylvania),girls,,,,,Central Intercollegiate Athletic Association,,,,,,,,
womens-lock-haven-university-of-pennsylvania,Lock Haven University of Pennsylvania,girls,,,,,Pennsylvania State Athletic Conference,,,,,,,,
womens-lubbock-christian-university,Lubbock Christian University,girls,,,,,Lone Star Conference,,,,,,,,
womens-lynn-university,Lynn University,girls,,,,,Sunshine State Conference,,,,,,,,
womens-malone-university,Malone University,girls,,,,,Great Midwest Athletic Conference,,,,,,,,
womens-mansfield-university-of-pennsylvania,Mansfield University of Pennsylvania,girls,,,,,Pennsylvania State Athletic Conference,,,,,,,,
womens-mars-hill-university,Mars Hill University,girls,,,,,South Atlantic Conference,,,,,,,,
womens-maryville-university-of-saint-louis,Maryville University of Saint Louis,girls,,,,,Great Lakes Valley Conference,,,,,,,,
womens-mckendree-university,McKendree University,girls,,,,,Great Lakes Valley Conference,,,,,,,,
womens-menlo-college,Menlo College,girls,,,,,Pacific West Conference,,,,,,,,
womens-mercy-university,Mercy University,girls,,,,,East Coast Conference,,,,,,,,
womens-mercyhurst-university,Mercyhurst University,girls,,,,,Northeast Conference,,,,,,,,
womens-metropolitan-state-university-of-denver,Metropolitan State University of Denver,girls,,,,,Rocky Mountain Athletic Conference,,,,,,,,
womens-michigan-technological-university,Michigan Technological University,girls,,,,,Great Lakes Intercollegiate Athletic Conference,,,,,,,,
womens-middle-georgia-state-university,Middle Georgia State University ,girls,,,,,Peach Belt Conference,,,,,,,,
womens-midwestern-state-university,Midwestern State University,girls,,,,,Lone Star Conference,,,,,,,,
womens-millersville-university-of-pennsylvania,Millersville University of Pennsylvania,girls,,,,,Pennsylvania State Athletic Conference,,,,,,,,
womens-minnesota-state-university-moorhead,Minnesota State University Moorhead,girls,,,,,Northern Sun Intercollegiate Conference,,,,,,,,
womens-minnesota-state-university-mankato,"Minnesota State University, Mankato",girls,,,,,Northern Sun Intercollegiate Conference,,,,,,,,
womens-minot-state-university,Minot State University,girls,,,,,Northern Sun Intercollegiate Conference,,,,,,,,
womens-mississippi-college,Mississippi College,girls,,,,,Gulf South Conference,,,,,,,,
womens-missouri-southern-state-university,Missouri Southern State University,girls,,,,,Mid-America Intercollegiate Athletics Association,,,,,,,,
womens-missouri-university-of-science-and-technology,Missouri University of Science and Technology,girls,,,,,Great Lakes Valley Conference,,,,,,,,
womens-missouri-western-state-university,Missouri Western State University,girls,,,,,Mid-America Intercollegiate Athletics Association,,,,,,,,
womens-molloy-university,Molloy University,girls,,,,,East Coast Conference,,,,,,,,
womens-montana-state-university-billings,Montana State University Billings,girls,,,,,Great Northwest Athletic Conference,,,,,,,,
womens-new-mexico-highlands-university,New Mexico Highlands University,girls,,,,,Rocky Mountain Athletic Conference,,,,,,,,
womens-newberry-college,Newberry College,girls,,,,,South Atlantic Conference,,,,,,,,
womens-newman-university,Newman University,girls,,,,,Mid-America Intercollegiate Athletics Association,,,,,,,,
womens-north-greenville-university,North Greenville University,girls,,,,,Conference Carolinas,,,,,,,,
womens-northeastern-state-university,Northeastern State University,girls,,,,,Mid-America Intercollegiate Athletics Association,,,,,,,,
womens-northern-michigan-university,Northern Michigan University,girls,,,,,Great Lakes Intercollegiate Athletic Conference,,,,,,,,
womens-northern-state-university,Northern State University,girls,,,,,Northern Sun Intercollegiate Conference,,,,,,,,
womens-northwest-missouri-state-university,Northwest Missouri State University,girls,,,,,Mid-America Intercollegiate Athletics Association,,,,,,,,
womens-northwest-nazarene-university,Northwest Nazarene University,girls,,,,,Great Northwest Athletic Conference,,,,,,,,
womens-northwestern-oklahoma-state-university,Northwestern Oklahoma State University,girls,,,,,Great American Conference,,,,,,,,
womens-northwood-university,Northwood University,girls,,,,,Great Midwest Athletic Conference,,,,,,,,
womens-nova-southeastern-university,Nova Southeastern University,girls,,,,,Sunshine State Conference,,,,,,,,
womens-ohio-dominican-university,Ohio Dominican University,girls,,,,,Great Midwest Athletic Conference,,,,,,,,
womens-oklahoma-baptist-university,Oklahoma Baptist University,girls,,,,,Great American Conference,,,,,,,,
womens-oklahoma-christian-university,Oklahoma Christian University,girls,,,,,Lone Star Conference,,,,,,,,
womens-ouachita-baptist-university,Ouachita Baptist University,girls,,,,,Great American Conference,,,,,,,,
womens-pace-university,Pace University,girls,,,,,Northeast-10 Conference,,,,,,,,
womens-palm-beach-atlantic-university,Palm Beach Atlantic University,girls,,,,,Sunshine State Conference,,,,,,,,
womens-pennsylvania-western-university-california,"Pennsylvania Western University, California",girls,,,,,Pennsylvania State Athletic Conference,,,,,,,,
womens-pennsylvania-western-university-clarion,"Pennsylvania Western University, Clarion",girls,,,,,Pennsylvania State Athletic Conference,,,,,,,,
womens-pennsylvania-western-university-edinboro,"Pennsylvania Western University, Edinboro",girls,,,,,Pennsylvania State Athletic Conference,,,,,,,,
womens-pittsburg-state-university,Pittsburg State University,girls,,,,,Mid-America Intercollegiate Athletics Association,,,,,,,,
womens-point-loma-nazarene-university,Point Loma Nazarene University,girls,,,,,Pacific West Conference,,,,,,,,
womens-point-park-university,Point Park University,girls,,,,,Mountain East Conference,,,,,,,,
womens-post-university,Post University,girls,,,,,Central Atlantic Collegiate Conference,,,,,,,,
womens-purdue-university-northwest,Purdue University Northwest,girls,,,,,Great Lakes Intercollegiate Athletic Conference,,,,,,,,
womens-queens-college-new-york,Queens College (New York),girls,,,,,East Coast Conference,,,,,,,,
womens-quincy-university,Quincy University,girls,,,,,Great Lakes Valley Conference,,,,,,,,
womens-regis-university-colorado,Regis University (Colorado),girls,,,,,Rocky Mountain Athletic Conference,,,,,,,,
womens-roberts-wesleyan-university,Roberts Wesleyan University,girls,,,,,East Coast Conference,,,,,,,,
womens-rockhurst-university,Rockhurst University,girls,,,,,Great Lakes Valley Conference,,,,,,,,
womens-rogers-state-university,Rogers State University,girls,,,,,Mid-America Intercollegiate Athletics Association,,,,,,,,
womens-rollins-college,Rollins College,girls,,,,,Sunshine State Conference,,,,,,,,
womens-roosevelt-university,Roosevelt University,girls,,,,,Great Lakes Intercollegiate Athletic Conference,,,,,,,,
womens-saginaw-valley-state-university,Saginaw Valley State University,girls,,,,,Great Lakes Intercollegiate Athletic Conference,,,,,,,,
womens-saint-anselm-college,Saint Anselm College,girls,,,,,Northeast-10 Conference,,,,,,,,
womens-saint-leo-university,Saint Leo University,girls,,,,,Sunshine State Conference,,,,,,,,
womens-saint-martin-s-university,Saint Martin's University,girls,,,,,Great Northwest Athletic Conference,,,,,,,,
womens-saint-michael-s-college,Saint Michael's College,girls,,,,,Northeast-10 Conference,,,,,,,,
womens-salem-university-west-virginia,Salem University (West Virginia),girls,,,,,Independent,,,,,,,,
womens-san-francisco-state-university,San Francisco State University,girls,,,,,California Collegiate Athletic Association,,,,,,,,
womens-seattle-pacific-university,Seattle Pacific University,girls,,,,,Great Northwest Athletic Conference,,,,,,,,
womens-seton-hill-university,Seton Hill University,girls,,,,,Pennsylvania State Athletic Conference,,,,,,,,
womens-shaw-university,Shaw University,girls,,,,,Central Intercollegiate Athletic Association,,,,,,,,
womens-shepherd-university,Shepherd University,girls,,,,,Pennsylvania State Athletic Conference,,,,,,,,
womens-shippensburg-university-of-pennsylvania,Shippensburg University of Pennsylvania,girls,,,,,Pennsylvania State Athletic Conference,,,,,,,,
womens-shorter-university,Shorter University,girls,,,,,Conference Carolinas,,,,,,,,
womens-simon-fraser-university,Simon Fraser University,girls,,,,,Great Northwest Athletic Conference,,,,,,,,
womens-slippery-rock-university-of-pennsylvania,Slippery Rock University of Pennsylvania,girls,,,,,Pennsylvania State Athletic Conference,,,,,,,,
womens-southern-connecticut-state-university,Southern Connecticut State University,girls,,,,,Northeast-10 Conference,,,,,,,,
womens-southern-nazarene-university,Southern Nazarene University,girls,,,,,Great American Conference,,,,,,,,
womens-southern-new-hampshire-university,Southern New Hampshire University,girls,,,,,Northeast-10 Conference,,,,,,,,
womens-southern-wesleyan-university,Southern Wesleyan University,girls,,,,,Conference Carolinas,,,,,,,,
womens-southwest-baptist-university,Southwest Baptist University,girls,,,,,Great Lakes Valley Conference,,,,,,,,
womens-southwest-minnesota-state-university,Southwest Minnesota State University,girls,,,,,Northern Sun Intercollegiate Conference,,,,,,,,
womens-southwestern-oklahoma-state-university,Southwestern Oklahoma State University,girls,,,,,Great American Conference,,,,,,,,
womens-spring-hill-college,Spring Hill College,girls,,,,,Southern Intercol. Ath. Conf.,,,,,,,,
womens-st-cloud-state-university,St. Cloud State University,girls,,,,,Northern Sun Intercollegiate Conference,,,,,,,,
womens-st-edward-s-university,St. Edward's University,girls,,,,,Lone Star Conference,,,,,,,,
womens-st-mary-s-university-texas,St. Mary's University (Texas),girls,,,,,Lone Star Conference,,,,,,,,
womens-st-thomas-aquinas-college,St. Thomas Aquinas College,girls,,,,,East Coast Conference,,,,,,,,
womens-texas-aandm-international-university,Texas A&M International University,girls,,,,,Lone Star Conference,,,,,,,,
womens-texas-woman-s-university,Texas Woman's University,girls,,,,,Lone Star Conference,,,,,,,,
womens-the-university-of-texas-permian-basin,The University of Texas Permian Basin,girls,,,,,Lone Star Conference,,,,,,,,
womens-the-university-of-texas-at-tyler,The University of Texas at Tyler,girls,,,,,Lone Star Conference,,,,,,,,
womens-thomas-jefferson-university,Thomas Jefferson University,girls,,,,,Central Atlantic Collegiate Conference,,,,,,,,
womens-thomas-more-university,Thomas More University,girls,,,,,Great Midwest Athletic Conference,,,,,,,,
womens-tiffin-university,Tiffin University,girls,,,,,Great Midwest Athletic Conference,,,,,,,,
womens-trevecca-nazarene-university,Trevecca Nazarene University,girls,,,,,Gulf South Conference,,,,,,,,
womens-truman-state-university,Truman State University,girls,,,,,Great Lakes Valley Conference,,,,,,,,
womens-tusculum-university,Tusculum University,girls,,,,,South Atlantic Conference,,,,,,,,
womens-union-university,Union University,girls,,,,,Gulf South Conference,,,,,,,,
womens-university-of-alabama-in-huntsville,University of Alabama in Huntsville,girls,,,,,Gulf South Conference,,,,,,,,
womens-university-of-bridgeport,University of Bridgeport,girls,,,,,Central Atlantic Collegiate Conference,,,,,,,,
womens-university-of-california-merced,"University of California, Merced",girls,,,,,California Collegiate Athletic Association,,,,,,,,
womens-university-of-central-missouri,University of Central Missouri,girls,,,,,Mid-America Intercollegiate Athletics Association,,,,,,,,
womens-university-of-central-oklahoma,University of Central Oklahoma,girls,,,,,Mid-America Intercollegiate Athletics Association,,,,,,,,
womens-university-of-charleston-west-virginia,University of Charleston (West Virginia),girls,,,,,Mountain East Conference,,,,,,,,
womens-university-of-colorado-colorado-springs,University of Colorado Colorado Springs,girls,,,,,Rocky Mountain Athletic Conference,,,,,,,,
womens-university-of-findlay,University of Findlay,girls,,,,,Great Midwest Athletic Conference,,,,,,,,
womens-university-of-hawaii-at-hilo,University of Hawaii at Hilo,girls,,,,,Pacific West Conference,,,,,,,,
womens-university-of-illinois-springfield,University of Illinois Springfield,girls,,,,,Great Lakes Valley Conference,,,,,,,,
womens-university-of-indianapolis,University of Indianapolis,girls,,,,,Great Lakes Valley Conference,,,,,,,,
womens-university-of-jamestown,University of Jamestown,girls,,,,,Northern Sun Intercollegiate Conference,,,,,,,,
womens-university-of-mary,University of Mary,girls,,,,,Northern Sun Intercollegiate Conference,,,,,,,,
womens-university-of-minnesota-duluth,University of Minnesota Duluth,girls,,,,,Northern Sun Intercollegiate Conference,,,,,,,,
womens-university-of-minnesota-crookston,"University of Minnesota, Crookston",girls,,,,,Northern Sun Intercollegiate Conference,,,,,,,,
womens-university-of-missouri-st-louis,University of Missouri-St. Louis,girls,,,,,Great Lakes Valley Conference,,,,,,,,
womens-university-of-montevallo,University of Montevallo,girls,,,,,Gulf South Conference,,,,,,,,
womens-university-of-mount-olive,University of Mount Olive,girls,,,,,Conference Carolinas,,,,,,,,
womens-university-of-nebraska-at-kearney,University of Nebraska at Kearney,girls,,,,,Mid-America Intercollegiate Athletics Association,,,,,,,,
womens-university-of-new-haven,University of New Haven,girls,,,,,Northeast Conference,,,,,,,,
womens-university-of-north-carolina-at-pembroke,University of North Carolina at Pembroke,girls,,,,,Conference Carolinas,,,,,,,,
womens-university-of-north-georgia,University of North Georgia,girls,,,,,Peach Belt Conference,,,,,,,,
womens-university-of-pittsburgh-johnstown,"University of Pittsburgh, Johnstown",girls,,,,,Pennsylvania State Athletic Conference,,,,,,,,
womens-university-of-puerto-rico-bayamon,"University of Puerto Rico, Bayamon",girls,,,,,Independent,,,,,,,,
womens-university-of-sioux-falls,University of Sioux Falls,girls,,,,,Northern Sun Intercollegiate Conference,,,,,,,,
womens-university-of-south-carolina-aiken,University of South Carolina Aiken,girls,,,,,Peach Belt Conference,,,,,,,,
womens-university-of-south-carolina-beaufort,University of South Carolina Beaufort,girls,,,,,Peach Belt Conference,,,,,,,,
womens-university-of-tampa,University of Tampa,girls,,,,,Sunshine State Conference,,,,,,,,
womens-university-of-west-alabama,University of West Alabama,girls,,,,,Gulf South Conference,,,,,,,,
womens-university-of-west-florida,University of West Florida,girls,,,,,Gulf South Conference,,,,,,,,
womens-university-of-west-georgia,University of West Georgia,girls,,,,,Atlantic Sun Conference,,,,,,,,
womens-university-of-wisconsin-parkside,University of Wisconsin-Parkside,girls,,,,,Great Lakes Intercollegiate Athletic Conference,,,,,,,,
womens-upper-iowa-university,Upper Iowa University,girls,,,,,Great Lakes Valley Conference,,,,,,,,
womens-ursuline-college,Ursuline College,girls,,,,,Great Midwest Athletic Conference,,,,,,,,
womens-valdosta-state-university,Valdosta State University,girls,,,,,Gulf South Conference,,,,,,,,
womens-vanguard-university,Vanguard University ,girls,,,,,Pacific West Conference,,,,,,,,
womens-virginia-state-university,Virginia State University,girls,,,,,Central Intercollegiate Athletic Association,,,,,,,,
womens-walsh-university,Walsh University,girls,,,,,Great Midwest Athletic Conference,,,,,,,,
womens-washburn-university,Washburn University,girls,,,,,Mid-America Intercollegiate Athletics Association,,,,,,,,
womens-wayne-state-college-nebraska,Wayne State College (Nebraska),girls,,,,,Northern Sun Intercollegiate Conference,,,,,,,,
womens-west-chester-university-of-pennsylvania,West Chester University of Pennsylvania,girls,,,,,Pennsylvania State Athletic Conference,,,,,,,,
womens-west-liberty-university,West Liberty University,girls,,,,,Mountain East Conference,,,,,,,,
womens-west-texas-aandm-university,West Texas A&M University,girls,,,,,Lone Star Conference,,,,,,,,
womens-west-virginia-state-university,West Virginia State University,girls,,,,,Mountain East Conference,,,,,,,,
womens-west-virginia-wesleyan-college,West Virginia Wesleyan College,girls,,,,,Mountain East Conference,,,,,,,,
womens-western-colorado-university,Western Colorado University,girls,,,,,Rocky Mountain Athletic Conference,,,,,,,,
womens-western-oregon-university,Western Oregon University,girls,,,,,Great Northwest Athletic Conference,,,,,,,,
womens-western-washington-university,Western Washington University,girls,,,,,Great Northwest Athletic Conference,,,,,,,,
womens-westminster-university-utah,Westminster University (Utah),girls,,,,,Rocky Mountain Athletic Conference,,,,,,,,
womens-westmont-college,Westmont College,girls,,,,,Pacific West Conference,,,,,,,,
womens-wheeling-university,Wheeling University,girls,,,,,Mountain East Conference,,,,,,,,
womens-william-jewell-college,William Jewell College,girls,,,,,Great Lakes Valley Conference,,,,,,,,
womens-wilmington-university-delaware,Wilmington University (Delaware),girls,,,,,Central Atlantic Collegiate Conference,,,,,,,,
womens-wingate-university,Wingate University,girls,,,,,South Atlantic Conference,,,,,,,,
womens-winona-state-university,Winona State University,girls,,,,,Northern Sun Intercollegiate Conference,,,,,,,,
womens-young-harris-college,Young Harris College,girls,,,,,Conference Carolinas,,,,,,,,
